train_acc,train_loss,val_acc,val_loss
0.11116898148148148,2.901806,0.29183035714285716,2.5593662
