train_acc,train_loss,val_acc,val_loss
0.3901669449081803,1.733667,0.5825,1.2368585
0.6315859766277129,1.124591,0.6482999999999999,1.0341856
0.6717696160267111,1.0001959,0.6757000000000001,0.9581857
0.6911519198664441,0.9384939,0.6964000000000001,0.90084004
0.7152587646076793,0.8762101,0.7239000000000001,0.8302517
0.7437395659432388,0.7983551,0.7562000000000001,0.7366092
0.7772787979966611,0.70336956,0.7995000000000002,0.629399
