train_acc,train_loss,val_acc,val_loss
0.26961805555555557,2.8060217,0.37906249999999997,2.3545465
