train_acc,train_loss,val_acc,val_loss
0.2565972222222222,2.4667897,0.43499999999999994,1.8919449
0.34325810185185185,2.2282774,0.5091964285714285,1.6945717
0.3847511574074074,2.12606,0.5375892857142858,1.5230054
0.41455439814814815,2.057049,0.5649107142857143,1.4765358
0.43408564814814815,2.004527,0.6208928571428571,1.3604373
0.44719328703703703,1.9554842,0.6425,1.3153397
0.4632233796296296,1.9213219,0.6453571428571429,1.273951
