train_acc,train_loss,val_acc,val_loss
0.19658564814814813,2.6228092,0.31941964285714286,2.2742999
