train_acc,train_loss,val_acc,val_loss
0.09681712962962963,2.9166207,0.13129401408450705,2.8810368
0.17349537037037038,2.8210196,0.16080105633802816,2.7843807
0.1907986111111111,2.7630649,0.18205985915492956,2.7112126
0.2065972222222222,2.7189012,0.22944542253521125,2.6498458
0.22077546296296297,2.6857183,0.279955985915493,2.6064878
