train_acc,train_loss,val_acc,val_loss
0.1556712962962963,0.08470236,0.21995535714285713,0.07798819
0.19363425925925926,0.08081977,0.25120535714285713,0.07473053
0.20092592592592592,0.08002519,0.22857142857142856,0.07736881
0.2050925925925926,0.07950272,0.2603125,0.07404171
0.21915509259259258,0.078151636,0.25406249999999997,0.074778065
0.22430555555555556,0.07767525,0.2655357142857143,0.07372636
